,Survived,Pclass,Sex,Age,SibSp,Parch,Ticket,Fare,Cabin,Embarked
0,0,3,1,22.0,1,0,0,7.25,0.0,0.3333333333333333
1,1,1,0,38.0,1,0,0,71.2833,0.006802721088435374,0.6666666666666666
2,1,3,0,26.0,0,0,0,7.925,0.0,0.3333333333333333
3,1,1,0,35.0,1,0,113803,53.1,0.013605442176870748,0.3333333333333333
4,0,3,1,35.0,0,0,373450,8.05,0.0,0.3333333333333333
5,0,3,1,0.0,0,0,330877,8.4583,0.0,1.0
6,0,1,1,54.0,0,0,17463,51.8625,0.02040816326530612,0.3333333333333333
7,0,3,1,2.0,3,1,349909,21.075,0.0,0.3333333333333333
8,1,3,0,27.0,0,2,347742,11.1333,0.0,0.3333333333333333
9,1,2,0,14.0,1,0,237736,30.0708,0.0,0.6666666666666666
10,1,3,0,4.0,1,1,0,16.7,0.027210884353741496,0.3333333333333333
11,1,1,0,58.0,0,0,113783,26.55,0.034013605442176874,0.3333333333333333
12,0,3,1,20.0,0,0,0,8.05,0.0,0.3333333333333333
13,0,3,1,39.0,1,5,347082,31.275,0.0,0.3333333333333333
14,0,3,0,14.0,0,0,350406,7.8542,0.0,0.3333333333333333
15,1,2,0,55.0,0,0,248706,16.0,0.0,0.3333333333333333
16,0,3,1,2.0,4,1,382652,29.125,0.0,1.0
17,1,2,1,0.0,0,0,244373,13.0,0.0,0.3333333333333333
18,0,3,0,31.0,1,0,345763,18.0,0.0,0.3333333333333333
19,1,3,0,0.0,0,0,2649,7.225,0.0,0.6666666666666666
20,0,2,1,35.0,0,0,239865,26.0,0.0,0.3333333333333333
21,1,2,1,34.0,0,0,248698,13.0,0.04081632653061224,0.3333333333333333
22,1,3,0,15.0,0,0,330923,8.0292,0.0,1.0
23,1,1,1,28.0,0,0,113788,35.5,0.047619047619047616,0.3333333333333333
24,0,3,0,8.0,3,1,349909,21.075,0.0,0.3333333333333333
25,1,3,0,38.0,1,5,347077,31.3875,0.0,0.3333333333333333
26,0,3,1,0.0,0,0,2631,7.225,0.0,0.6666666666666666
27,0,1,1,19.0,3,2,19950,263.0,0.05442176870748299,0.3333333333333333
28,1,3,0,0.0,0,0,330959,7.8792,0.0,1.0
29,0,3,1,0.0,0,0,349216,7.8958,0.0,0.3333333333333333
30,0,1,1,40.0,0,0,0,27.7208,0.0,0.6666666666666666
31,1,1,0,0.0,1,0,0,146.5208,0.061224489795918366,0.6666666666666666
32,1,3,0,0.0,0,0,335677,7.75,0.0,1.0
33,0,2,1,66.0,0,0,0,10.5,0.0,0.3333333333333333
34,0,1,1,28.0,1,0,0,82.1708,0.0,0.6666666666666666
35,0,1,1,42.0,1,0,113789,52.0,0.0,0.3333333333333333
36,1,3,1,0.0,0,0,2677,7.2292,0.0,0.6666666666666666
37,0,3,1,21.0,0,0,0,8.05,0.0,0.3333333333333333
38,0,3,0,18.0,2,0,345764,18.0,0.0,0.3333333333333333
39,1,3,0,14.0,1,0,2651,11.2417,0.0,0.6666666666666666
40,0,3,0,40.0,1,0,7546,9.475,0.0,0.3333333333333333
41,0,2,0,27.0,1,0,11668,21.0,0.0,0.3333333333333333
42,0,3,1,0.0,0,0,349253,7.8958,0.0,0.6666666666666666
43,1,2,0,3.0,1,2,0,41.5792,0.0,0.6666666666666666
44,1,3,0,19.0,0,0,330958,7.8792,0.0,1.0
45,0,3,1,0.0,0,0,0,8.05,0.0,0.3333333333333333
46,0,3,1,0.0,1,0,370371,15.5,0.0,1.0
47,1,3,0,0.0,0,0,14311,7.75,0.0,1.0
48,0,3,1,0.0,2,0,2662,21.6792,0.0,0.6666666666666666
49,0,3,0,18.0,1,0,349237,17.8,0.0,0.3333333333333333
50,0,3,1,7.0,4,1,3101295,39.6875,0.0,0.3333333333333333
51,0,3,1,21.0,0,0,0,7.8,0.0,0.3333333333333333
52,1,1,0,49.0,1,0,0,76.7292,0.06802721088435375,0.6666666666666666
53,1,2,0,29.0,1,0,2926,26.0,0.0,0.3333333333333333
54,0,1,1,65.0,0,1,113509,61.9792,0.07482993197278912,0.6666666666666666
55,1,1,1,0.0,0,0,19947,35.5,0.08163265306122448,0.3333333333333333
56,1,2,0,21.0,0,0,0,10.5,0.0,0.3333333333333333
57,0,3,1,28.5,0,0,2697,7.2292,0.0,0.6666666666666666
58,1,2,0,5.0,1,2,0,27.75,0.0,0.3333333333333333
59,0,3,1,11.0,5,2,0,46.9,0.0,0.3333333333333333
60,0,3,1,22.0,0,0,2669,7.2292,0.0,0.6666666666666666
61,1,1,0,38.0,0,0,113572,80.0,0.08843537414965986,0.0
62,0,1,1,45.0,1,0,36973,83.475,0.09523809523809523,0.3333333333333333
63,0,3,1,4.0,3,2,347088,27.9,0.0,0.3333333333333333
64,0,1,1,0.0,0,0,0,27.7208,0.0,0.6666666666666666
65,1,3,1,0.0,1,1,2661,15.2458,0.0,0.6666666666666666
66,1,2,0,29.0,0,0,0,10.5,0.10204081632653061,0.3333333333333333
67,0,3,1,19.0,0,0,0,8.1583,0.0,0.3333333333333333
68,1,3,0,17.0,4,2,3101281,7.925,0.0,0.3333333333333333
69,0,3,1,26.0,2,0,315151,8.6625,0.0,0.3333333333333333
70,0,2,1,32.0,0,0,0,10.5,0.0,0.3333333333333333
71,0,3,0,16.0,5,2,0,46.9,0.0,0.3333333333333333
72,0,2,1,21.0,0,0,0,73.5,0.0,0.3333333333333333
73,0,3,1,26.0,1,0,2680,14.4542,0.0,0.6666666666666666
74,1,3,1,32.0,0,0,1601,56.4958,0.0,0.3333333333333333
75,0,3,1,25.0,0,0,348123,7.65,0.10884353741496598,0.3333333333333333
76,0,3,1,0.0,0,0,349208,7.8958,0.0,0.3333333333333333
77,0,3,1,0.0,0,0,374746,8.05,0.0,0.3333333333333333
78,1,2,1,0.83,0,2,248738,29.0,0.0,0.3333333333333333
79,1,3,0,30.0,0,0,364516,12.475,0.0,0.3333333333333333
80,0,3,1,22.0,0,0,345767,9.0,0.0,0.3333333333333333
81,1,3,1,29.0,0,0,345779,9.5,0.0,0.3333333333333333
82,1,3,0,0.0,0,0,330932,7.7875,0.0,1.0
83,0,1,1,28.0,0,0,113059,47.1,0.0,0.3333333333333333
84,1,2,0,17.0,0,0,0,10.5,0.0,0.3333333333333333
85,1,3,0,33.0,3,0,3101278,15.85,0.0,0.3333333333333333
86,0,3,1,16.0,1,3,0,34.375,0.0,0.3333333333333333
87,0,3,1,0.0,0,0,0,8.05,0.0,0.3333333333333333
88,1,1,0,23.0,3,2,19950,263.0,0.05442176870748299,0.3333333333333333
89,0,3,1,24.0,0,0,343275,8.05,0.0,0.3333333333333333
90,0,3,1,29.0,0,0,343276,8.05,0.0,0.3333333333333333
91,0,3,1,20.0,0,0,347466,7.8542,0.0,0.3333333333333333
92,0,1,1,46.0,1,0,0,61.175,0.11564625850340136,0.3333333333333333
93,0,3,1,26.0,1,2,0,20.575,0.0,0.3333333333333333
94,0,3,1,59.0,0,0,364500,7.25,0.0,0.3333333333333333
95,0,3,1,0.0,0,0,374910,8.05,0.0,0.3333333333333333
96,0,1,1,71.0,0,0,0,34.6542,0.12244897959183673,0.6666666666666666
97,1,1,1,23.0,0,1,0,63.3583,0.1292517006802721,0.6666666666666666
98,1,2,0,34.0,0,1,231919,23.0,0.0,0.3333333333333333
99,0,2,1,34.0,1,0,244367,26.0,0.0,0.3333333333333333
100,0,3,0,28.0,0,0,349245,7.8958,0.0,0.3333333333333333
101,0,3,1,0.0,0,0,349215,7.8958,0.0,0.3333333333333333
102,0,1,1,21.0,0,1,35281,77.2875,0.1360544217687075,0.3333333333333333
103,0,3,1,33.0,0,0,7540,8.6542,0.0,0.3333333333333333
104,0,3,1,37.0,2,0,3101276,7.925,0.0,0.3333333333333333
105,0,3,1,28.0,0,0,349207,7.8958,0.0,0.3333333333333333
106,1,3,0,21.0,0,0,343120,7.65,0.0,0.3333333333333333
107,1,3,1,0.0,0,0,312991,7.775,0.0,0.3333333333333333
108,0,3,1,38.0,0,0,349249,7.8958,0.0,0.3333333333333333
109,1,3,0,0.0,1,0,371110,24.15,0.0,1.0
110,0,1,1,47.0,0,0,110465,52.0,0.14285714285714285,0.3333333333333333
111,0,3,0,14.5,1,0,2665,14.4542,0.0,0.6666666666666666
112,0,3,1,22.0,0,0,324669,8.05,0.0,0.3333333333333333
113,0,3,0,20.0,1,0,4136,9.825,0.0,0.3333333333333333
114,0,3,0,17.0,0,0,2627,14.4583,0.0,0.6666666666666666
115,0,3,1,21.0,0,0,0,7.925,0.0,0.3333333333333333
116,0,3,1,70.5,0,0,370369,7.75,0.0,1.0
117,0,2,1,29.0,1,0,11668,21.0,0.0,0.3333333333333333
118,0,1,1,24.0,0,1,0,247.5208,0.14965986394557823,0.6666666666666666
119,0,3,0,2.0,4,2,347082,31.275,0.0,0.3333333333333333
120,0,2,1,21.0,2,0,0,73.5,0.0,0.3333333333333333
121,0,3,1,0.0,0,0,0,8.05,0.0,0.3333333333333333
122,0,2,1,32.5,1,0,237736,30.0708,0.0,0.6666666666666666
123,1,2,0,32.5,0,0,27267,13.0,0.1564625850340136,0.3333333333333333
124,0,1,1,54.0,0,1,35281,77.2875,0.1360544217687075,0.3333333333333333
125,1,3,1,12.0,1,0,2651,11.2417,0.0,0.6666666666666666
126,0,3,1,0.0,0,0,370372,7.75,0.0,1.0
127,1,3,1,24.0,0,0,0,7.1417,0.0,0.3333333333333333
128,1,3,0,0.0,1,1,2668,22.3583,0.16326530612244897,0.6666666666666666
129,0,3,1,45.0,0,0,347061,6.975,0.0,0.3333333333333333
130,0,3,1,33.0,0,0,349241,7.8958,0.0,0.6666666666666666
131,0,3,1,20.0,0,0,0,7.05,0.0,0.3333333333333333
132,0,3,0,47.0,1,0,0,14.5,0.0,0.3333333333333333
133,1,2,0,29.0,1,0,228414,26.0,0.0,0.3333333333333333
134,0,2,1,25.0,0,0,0,13.0,0.0,0.3333333333333333
135,0,2,1,23.0,0,0,0,15.0458,0.0,0.6666666666666666
136,1,1,0,19.0,0,2,11752,26.2833,0.17006802721088435,0.3333333333333333
137,0,1,1,37.0,1,0,113803,53.1,0.013605442176870748,0.3333333333333333
138,0,3,1,16.0,0,0,7534,9.2167,0.0,0.3333333333333333
139,0,1,1,24.0,0,0,0,79.2,0.17687074829931973,0.6666666666666666
140,0,3,0,0.0,0,2,2678,15.2458,0.0,0.6666666666666666
141,1,3,0,22.0,0,0,347081,7.75,0.0,0.3333333333333333
142,1,3,0,24.0,1,0,0,15.85,0.0,0.3333333333333333
143,0,3,1,19.0,0,0,365222,6.75,0.0,1.0
144,0,2,1,18.0,0,0,231945,11.5,0.0,0.3333333333333333
145,0,2,1,19.0,1,1,0,36.75,0.0,0.3333333333333333
146,1,3,1,27.0,0,0,350043,7.7958,0.0,0.3333333333333333
147,0,3,0,9.0,2,2,0,34.375,0.0,0.3333333333333333
148,0,2,1,36.5,0,2,230080,26.0,0.1836734693877551,0.3333333333333333
149,0,2,1,42.0,0,0,244310,13.0,0.0,0.3333333333333333
150,0,2,1,51.0,0,0,0,12.525,0.0,0.3333333333333333
151,1,1,0,22.0,1,0,113776,66.6,0.19047619047619047,0.3333333333333333
152,0,3,1,55.5,0,0,0,8.05,0.0,0.3333333333333333
153,0,3,1,40.5,0,2,0,14.5,0.0,0.3333333333333333
154,0,3,1,0.0,0,0,0,7.3125,0.0,0.3333333333333333
155,0,1,1,51.0,0,1,0,61.3792,0.0,0.6666666666666666
156,1,3,0,16.0,0,0,35851,7.7333,0.0,1.0
157,0,3,1,30.0,0,0,0,8.05,0.0,0.3333333333333333
158,0,3,1,0.0,0,0,315037,8.6625,0.0,0.3333333333333333
159,0,3,1,0.0,8,2,0,69.55,0.0,0.3333333333333333
160,0,3,1,44.0,0,1,371362,16.1,0.0,0.3333333333333333
161,1,2,0,40.0,0,0,0,15.75,0.0,0.3333333333333333
162,0,3,1,26.0,0,0,347068,7.775,0.0,0.3333333333333333
163,0,3,1,17.0,0,0,315093,8.6625,0.0,0.3333333333333333
164,0,3,1,1.0,4,1,3101295,39.6875,0.0,0.3333333333333333
165,1,3,1,9.0,0,2,363291,20.525,0.0,0.3333333333333333
166,1,1,0,0.0,0,1,113505,55.0,0.19727891156462585,0.3333333333333333
167,0,3,0,45.0,1,4,347088,27.9,0.0,0.3333333333333333
168,0,1,1,0.0,0,0,0,25.925,0.0,0.3333333333333333
169,0,3,1,28.0,0,0,1601,56.4958,0.0,0.3333333333333333
170,0,1,1,61.0,0,0,111240,33.5,0.20408163265306123,0.3333333333333333
171,0,3,1,4.0,4,1,382652,29.125,0.0,1.0
172,1,3,0,1.0,1,1,347742,11.1333,0.0,0.3333333333333333
173,0,3,1,21.0,0,0,0,7.925,0.0,0.3333333333333333
174,0,1,1,56.0,0,0,17764,30.6958,0.2108843537414966,0.6666666666666666
175,0,3,1,18.0,1,1,350404,7.8542,0.0,0.3333333333333333
176,0,3,1,0.0,3,1,4133,25.4667,0.0,0.3333333333333333
177,0,1,0,50.0,0,0,0,28.7125,0.21768707482993196,0.6666666666666666
178,0,2,1,30.0,0,0,250653,13.0,0.0,0.3333333333333333
179,0,3,1,36.0,0,0,0,0.0,0.0,0.3333333333333333
180,0,3,0,0.0,8,2,0,69.55,0.0,0.3333333333333333
181,0,2,1,0.0,0,0,0,15.05,0.0,0.6666666666666666
182,0,3,1,9.0,4,2,347077,31.3875,0.0,0.3333333333333333
183,1,2,1,1.0,2,1,230136,39.0,0.22448979591836735,0.3333333333333333
184,1,3,0,4.0,0,2,315153,22.025,0.0,0.3333333333333333
185,0,1,1,0.0,0,0,113767,50.0,0.23129251700680273,0.3333333333333333
186,1,3,0,0.0,1,0,370365,15.5,0.0,1.0
187,1,1,1,45.0,0,0,111428,26.55,0.0,0.3333333333333333
188,0,3,1,40.0,1,1,364849,15.5,0.0,1.0
189,0,3,1,36.0,0,0,349247,7.8958,0.0,0.3333333333333333
190,1,2,0,32.0,0,0,234604,13.0,0.0,0.3333333333333333
191,0,2,1,19.0,0,0,28424,13.0,0.0,0.3333333333333333
192,1,3,0,19.0,1,0,350046,7.8542,0.0,0.3333333333333333
193,1,2,1,3.0,1,1,230080,26.0,0.1836734693877551,0.3333333333333333
194,1,1,0,44.0,0,0,0,27.7208,0.23809523809523808,0.6666666666666666
195,1,1,0,58.0,0,0,0,146.5208,0.24489795918367346,0.6666666666666666
196,0,3,1,0.0,0,0,368703,7.75,0.0,1.0
197,0,3,1,42.0,0,1,4579,8.4042,0.0,0.3333333333333333
198,1,3,0,0.0,0,0,370370,7.75,0.0,1.0
199,0,2,0,24.0,0,0,248747,13.0,0.0,0.3333333333333333
200,0,3,1,28.0,0,0,345770,9.5,0.0,0.3333333333333333
201,0,3,1,0.0,8,2,0,69.55,0.0,0.3333333333333333
202,0,3,1,34.0,0,0,3101264,6.4958,0.0,0.3333333333333333
203,0,3,1,45.5,0,0,2628,7.225,0.0,0.6666666666666666
204,1,3,1,18.0,0,0,0,8.05,0.0,0.3333333333333333
205,0,3,0,2.0,0,1,347054,10.4625,0.027210884353741496,0.3333333333333333
206,0,3,1,32.0,1,0,3101278,15.85,0.0,0.3333333333333333
207,1,3,1,26.0,0,0,2699,18.7875,0.0,0.6666666666666666
208,1,3,0,16.0,0,0,367231,7.75,0.0,1.0
209,1,1,1,40.0,0,0,112277,31.0,0.25170068027210885,0.6666666666666666
210,0,3,1,24.0,0,0,0,7.05,0.0,0.3333333333333333
211,1,2,0,35.0,0,0,0,21.0,0.0,0.3333333333333333
212,0,3,1,22.0,0,0,0,7.25,0.0,0.3333333333333333
213,0,2,1,30.0,0,0,250646,13.0,0.0,0.3333333333333333
214,0,3,1,0.0,1,0,367229,7.75,0.0,1.0
215,1,1,0,31.0,1,0,35273,113.275,0.2585034013605442,0.6666666666666666
216,1,3,0,27.0,0,0,0,7.925,0.0,0.3333333333333333
217,0,2,1,42.0,1,0,243847,27.0,0.0,0.3333333333333333
218,1,1,0,32.0,0,0,11813,76.2917,0.2653061224489796,0.6666666666666666
219,0,2,1,30.0,0,0,0,10.5,0.0,0.3333333333333333
220,1,3,1,16.0,0,0,0,8.05,0.0,0.3333333333333333
221,0,2,1,27.0,0,0,220367,13.0,0.0,0.3333333333333333
222,0,3,1,51.0,0,0,21440,8.05,0.0,0.3333333333333333
223,0,3,1,0.0,0,0,349234,7.8958,0.0,0.3333333333333333
224,1,1,1,38.0,1,0,19943,90.0,0.272108843537415,0.3333333333333333
225,0,3,1,22.0,0,0,0,9.35,0.0,0.3333333333333333
226,1,2,1,19.0,0,0,0,10.5,0.0,0.3333333333333333
227,0,3,1,20.5,0,0,0,7.25,0.0,0.3333333333333333
228,0,2,1,18.0,0,0,236171,13.0,0.0,0.3333333333333333
229,0,3,0,0.0,3,1,4133,25.4667,0.0,0.3333333333333333
230,1,1,0,35.0,1,0,36973,83.475,0.09523809523809523,0.3333333333333333
231,0,3,1,29.0,0,0,347067,7.775,0.0,0.3333333333333333
232,0,2,1,59.0,0,0,237442,13.5,0.0,0.3333333333333333
233,1,3,0,5.0,4,2,347077,31.3875,0.0,0.3333333333333333
234,0,2,1,24.0,0,0,0,10.5,0.0,0.3333333333333333
235,0,3,0,0.0,0,0,0,7.55,0.0,0.3333333333333333
236,0,2,1,44.0,1,0,26707,26.0,0.0,0.3333333333333333
237,1,2,0,8.0,0,2,0,26.25,0.0,0.3333333333333333
238,0,2,1,19.0,0,0,28665,10.5,0.0,0.3333333333333333
239,0,2,1,33.0,0,0,0,12.275,0.0,0.3333333333333333
240,0,3,0,0.0,1,0,2665,14.4542,0.0,0.6666666666666666
241,1,3,0,0.0,1,0,367230,15.5,0.0,1.0
242,0,2,1,29.0,0,0,0,10.5,0.0,0.3333333333333333
243,0,3,1,22.0,0,0,0,7.125,0.0,0.3333333333333333
244,0,3,1,30.0,0,0,2694,7.225,0.0,0.6666666666666666
245,0,1,1,44.0,2,0,19928,90.0,0.2789115646258503,1.0
246,0,3,0,25.0,0,0,347071,7.775,0.0,0.3333333333333333
247,1,2,0,24.0,0,2,250649,14.5,0.0,0.3333333333333333
248,1,1,1,37.0,1,1,11751,52.5542,0.2857142857142857,0.3333333333333333
249,0,2,1,54.0,1,0,244252,26.0,0.0,0.3333333333333333
250,0,3,1,0.0,0,0,362316,7.25,0.0,0.3333333333333333
251,0,3,0,29.0,1,1,347054,10.4625,0.027210884353741496,0.3333333333333333
252,0,1,1,62.0,0,0,113514,26.55,0.2925170068027211,0.3333333333333333
253,0,3,1,30.0,1,0,0,16.1,0.0,0.3333333333333333
254,0,3,0,41.0,0,2,370129,20.2125,0.0,0.3333333333333333
255,1,3,0,29.0,0,2,2650,15.2458,0.0,0.6666666666666666
256,1,1,0,0.0,0,0,0,79.2,0.0,0.6666666666666666
257,1,1,0,30.0,0,0,110152,86.5,0.29931972789115646,0.3333333333333333
258,1,1,0,35.0,0,0,0,512.3292,0.0,0.6666666666666666
259,1,2,0,50.0,0,1,230433,26.0,0.0,0.3333333333333333
260,0,3,1,0.0,0,0,384461,7.75,0.0,1.0
261,1,3,1,3.0,4,2,347077,31.3875,0.0,0.3333333333333333
262,0,1,1,52.0,1,1,110413,79.65,0.30612244897959184,0.3333333333333333
263,0,1,1,40.0,0,0,112059,0.0,0.3129251700680272,0.3333333333333333
264,0,3,0,0.0,0,0,382649,7.75,0.0,1.0
265,0,2,1,36.0,0,0,0,10.5,0.0,0.3333333333333333
266,0,3,1,16.0,4,1,3101295,39.6875,0.0,0.3333333333333333
267,1,3,1,25.0,1,0,347083,7.775,0.0,0.3333333333333333
268,1,1,0,58.0,0,1,0,153.4625,0.3197278911564626,0.3333333333333333
269,1,1,0,35.0,0,0,0,135.6333,0.32653061224489793,0.3333333333333333
270,0,1,1,0.0,0,0,113798,31.0,0.0,0.3333333333333333
271,1,3,1,25.0,0,0,0,0.0,0.0,0.3333333333333333
272,1,2,0,41.0,0,1,250644,19.5,0.0,0.3333333333333333
273,0,1,1,37.0,0,1,0,29.7,0.3333333333333333,0.6666666666666666
274,1,3,0,0.0,0,0,370375,7.75,0.0,1.0
275,1,1,0,63.0,1,0,13502,77.9583,0.3401360544217687,0.3333333333333333
276,0,3,0,45.0,0,0,347073,7.75,0.0,0.3333333333333333
277,0,2,1,0.0,0,0,239853,0.0,0.0,0.3333333333333333
278,0,3,1,7.0,4,1,382652,29.125,0.0,1.0
279,1,3,0,35.0,1,1,0,20.25,0.0,0.3333333333333333
280,0,3,1,65.0,0,0,336439,7.75,0.0,1.0
281,0,3,1,28.0,0,0,347464,7.8542,0.0,0.3333333333333333
282,0,3,1,16.0,0,0,345778,9.5,0.0,0.3333333333333333
283,1,3,1,19.0,0,0,0,8.05,0.0,0.3333333333333333
284,0,1,1,0.0,0,0,113056,26.0,0.3469387755102041,0.3333333333333333
285,0,3,1,33.0,0,0,349239,8.6625,0.0,0.6666666666666666
286,1,3,1,30.0,0,0,345774,9.5,0.0,0.3333333333333333
287,0,3,1,22.0,0,0,349206,7.8958,0.0,0.3333333333333333
288,1,2,1,42.0,0,0,237798,13.0,0.0,0.3333333333333333
289,1,3,0,22.0,0,0,370373,7.75,0.0,1.0
290,1,1,0,26.0,0,0,19877,78.85,0.0,0.3333333333333333
291,1,1,0,19.0,1,0,11967,91.0792,0.35374149659863946,0.6666666666666666
292,0,2,1,36.0,0,0,0,12.875,0.36054421768707484,0.6666666666666666
293,0,3,0,24.0,0,0,349236,8.85,0.0,0.3333333333333333
294,0,3,1,24.0,0,0,349233,7.8958,0.0,0.3333333333333333
295,0,1,1,0.0,0,0,0,27.7208,0.0,0.6666666666666666
296,0,3,1,23.5,0,0,2693,7.2292,0.0,0.6666666666666666
297,0,1,0,2.0,1,2,113781,151.55,0.3673469387755102,0.3333333333333333
298,1,1,1,0.0,0,0,19988,30.5,0.3741496598639456,0.3333333333333333
299,1,1,0,50.0,0,1,0,247.5208,0.14965986394557823,0.6666666666666666
300,1,3,0,0.0,0,0,9234,7.75,0.0,1.0
301,1,3,1,0.0,2,0,367226,23.25,0.0,1.0
302,0,3,1,19.0,0,0,0,0.0,0.0,0.3333333333333333
303,1,2,0,0.0,0,0,226593,12.35,0.1564625850340136,1.0
304,0,3,1,0.0,0,0,0,8.05,0.0,0.3333333333333333
305,1,1,1,0.92,1,2,113781,151.55,0.3673469387755102,0.3333333333333333
306,1,1,0,0.0,0,0,17421,110.8833,0.0,0.6666666666666666
307,1,1,0,17.0,1,0,0,108.9,0.38095238095238093,0.6666666666666666
308,0,2,1,30.0,1,0,0,24.0,0.0,0.6666666666666666
309,1,1,0,30.0,0,0,0,56.9292,0.3877551020408163,0.6666666666666666
310,1,1,0,24.0,0,0,11767,83.1583,0.3945578231292517,0.6666666666666666
311,1,1,0,18.0,2,2,0,262.375,0.4013605442176871,0.6666666666666666
312,0,2,0,26.0,1,1,250651,26.0,0.0,0.3333333333333333
313,0,3,1,28.0,0,0,349243,7.8958,0.0,0.3333333333333333
314,0,2,1,43.0,1,1,0,26.25,0.0,0.3333333333333333
315,1,3,0,26.0,0,0,347470,7.8542,0.0,0.3333333333333333
316,1,2,0,24.0,1,0,244367,26.0,0.0,0.3333333333333333
317,0,2,1,54.0,0,0,29011,14.0,0.0,0.3333333333333333
318,1,1,0,31.0,0,2,36928,164.8667,0.40816326530612246,0.3333333333333333
319,1,1,0,40.0,1,1,16966,134.5,0.41496598639455784,0.6666666666666666
320,0,3,1,22.0,0,0,0,7.25,0.0,0.3333333333333333
321,0,3,1,27.0,0,0,349219,7.8958,0.0,0.3333333333333333
322,1,2,0,30.0,0,0,234818,12.35,0.0,1.0
323,1,2,0,22.0,1,1,248738,29.0,0.0,0.3333333333333333
324,0,3,1,0.0,8,2,0,69.55,0.0,0.3333333333333333
325,1,1,0,36.0,0,0,0,135.6333,0.4217687074829932,0.6666666666666666
326,0,3,1,61.0,0,0,345364,6.2375,0.0,0.3333333333333333
327,1,2,0,36.0,0,0,28551,13.0,0.36054421768707484,0.3333333333333333
328,1,3,0,31.0,1,1,363291,20.525,0.0,0.3333333333333333
329,1,1,0,16.0,0,1,111361,57.9792,0.42857142857142855,0.6666666666666666
330,1,3,0,0.0,2,0,367226,23.25,0.0,1.0
331,0,1,1,45.5,0,0,113043,28.5,0.43537414965986393,0.3333333333333333
332,0,1,1,38.0,0,1,0,153.4625,0.4421768707482993,0.3333333333333333
333,0,3,1,16.0,2,0,345764,18.0,0.0,0.3333333333333333
334,1,1,0,0.0,1,0,0,133.65,0.0,0.3333333333333333
335,0,3,1,0.0,0,0,349225,7.8958,0.0,0.3333333333333333
336,0,1,1,29.0,1,0,113776,66.6,0.19047619047619047,0.3333333333333333
337,1,1,0,41.0,0,0,16966,134.5,0.4489795918367347,0.6666666666666666
338,1,3,1,45.0,0,0,7598,8.05,0.0,0.3333333333333333
339,0,1,1,45.0,0,0,113784,35.5,0.4557823129251701,0.3333333333333333
340,1,2,1,2.0,1,1,230080,26.0,0.1836734693877551,0.3333333333333333
341,1,1,0,24.0,3,2,19950,263.0,0.05442176870748299,0.3333333333333333
342,0,2,1,28.0,0,0,248740,13.0,0.0,0.3333333333333333
343,0,2,1,25.0,0,0,244361,13.0,0.0,0.3333333333333333
344,0,2,1,36.0,0,0,229236,13.0,0.0,0.3333333333333333
345,1,2,0,24.0,0,0,248733,13.0,0.10204081632653061,0.3333333333333333
346,1,2,0,40.0,0,0,31418,13.0,0.0,0.3333333333333333
347,1,3,0,0.0,1,0,386525,16.1,0.0,0.3333333333333333
348,1,3,1,3.0,1,1,0,15.9,0.0,0.3333333333333333
349,0,3,1,42.0,0,0,315088,8.6625,0.0,0.3333333333333333
350,0,3,1,23.0,0,0,7267,9.225,0.0,0.3333333333333333
351,0,1,1,0.0,0,0,113510,35.0,0.46258503401360546,0.3333333333333333
352,0,3,1,15.0,1,1,2695,7.2292,0.0,0.6666666666666666
353,0,3,1,25.0,1,0,349237,17.8,0.0,0.3333333333333333
354,0,3,1,0.0,0,0,2647,7.225,0.0,0.6666666666666666
355,0,3,1,28.0,0,0,345783,9.5,0.0,0.3333333333333333
356,1,1,0,22.0,0,1,113505,55.0,0.19727891156462585,0.3333333333333333
357,0,2,0,38.0,0,0,237671,13.0,0.0,0.3333333333333333
358,1,3,0,0.0,0,0,330931,7.8792,0.0,1.0
359,1,3,0,0.0,0,0,330980,7.8792,0.0,1.0
360,0,3,1,40.0,1,4,347088,27.9,0.0,0.3333333333333333
361,0,2,1,29.0,1,0,0,27.7208,0.0,0.6666666666666666
362,0,3,0,45.0,0,1,2691,14.4542,0.0,0.6666666666666666
363,0,3,1,35.0,0,0,0,7.05,0.0,0.3333333333333333
364,0,3,1,0.0,1,0,370365,15.5,0.0,1.0
365,0,3,1,30.0,0,0,0,7.25,0.0,0.3333333333333333
366,1,1,0,60.0,1,0,110813,75.25,0.46938775510204084,0.6666666666666666
367,1,3,0,0.0,0,0,2626,7.2292,0.0,0.6666666666666666
368,1,3,0,0.0,0,0,14313,7.75,0.0,1.0
369,1,1,0,24.0,0,0,0,69.3,0.47619047619047616,0.6666666666666666
370,1,1,1,25.0,1,0,11765,55.4417,0.48299319727891155,0.6666666666666666
371,0,3,1,18.0,1,0,3101267,6.4958,0.0,0.3333333333333333
372,0,3,1,19.0,0,0,323951,8.05,0.0,0.3333333333333333
373,0,1,1,22.0,0,0,0,135.6333,0.0,0.6666666666666666
374,0,3,0,3.0,3,1,349909,21.075,0.0,0.3333333333333333
375,1,1,0,0.0,1,0,0,82.1708,0.0,0.6666666666666666
376,1,3,0,22.0,0,0,0,7.25,0.0,0.3333333333333333
377,0,1,1,27.0,0,2,113503,211.5,0.4897959183673469,0.6666666666666666
378,0,3,1,20.0,0,0,2648,4.0125,0.0,0.6666666666666666
379,0,3,1,19.0,0,0,347069,7.775,0.0,0.3333333333333333
380,1,1,0,42.0,0,0,0,227.525,0.0,0.6666666666666666
381,1,3,0,1.0,0,2,2653,15.7417,0.0,0.6666666666666666
382,0,3,1,32.0,0,0,0,7.925,0.0,0.3333333333333333
383,1,1,0,35.0,1,0,113789,52.0,0.0,0.3333333333333333
384,0,3,1,0.0,0,0,349227,7.8958,0.0,0.3333333333333333
385,0,2,1,18.0,0,0,0,73.5,0.0,0.3333333333333333
386,0,3,1,1.0,5,2,0,46.9,0.0,0.3333333333333333
387,1,2,0,36.0,0,0,27849,13.0,0.0,0.3333333333333333
388,0,3,1,0.0,0,0,367655,7.7292,0.0,1.0
389,1,2,0,17.0,0,0,0,12.0,0.0,0.6666666666666666
390,1,1,1,36.0,1,2,113760,120.0,0.4965986394557823,0.3333333333333333
391,1,3,1,21.0,0,0,350034,7.7958,0.0,0.3333333333333333
392,0,3,1,28.0,2,0,3101277,7.925,0.0,0.3333333333333333
393,1,1,0,23.0,1,0,35273,113.275,0.2585034013605442,0.6666666666666666
394,1,3,0,24.0,0,2,0,16.7,0.027210884353741496,0.3333333333333333
395,0,3,1,22.0,0,0,350052,7.7958,0.0,0.3333333333333333
396,0,3,0,31.0,0,0,350407,7.8542,0.0,0.3333333333333333
397,0,2,1,46.0,0,0,28403,26.0,0.0,0.3333333333333333
398,0,2,1,23.0,0,0,244278,10.5,0.0,0.3333333333333333
399,1,2,0,28.0,0,0,240929,12.65,0.0,0.3333333333333333
400,1,3,1,39.0,0,0,0,7.925,0.0,0.3333333333333333
401,0,3,1,26.0,0,0,341826,8.05,0.0,0.3333333333333333
402,0,3,0,21.0,1,0,4137,9.825,0.0,0.3333333333333333
403,0,3,1,28.0,1,0,0,15.85,0.0,0.3333333333333333
404,0,3,0,20.0,0,0,315096,8.6625,0.0,0.3333333333333333
405,0,2,1,34.0,1,0,28664,21.0,0.0,0.3333333333333333
406,0,3,1,51.0,0,0,347064,7.75,0.0,0.3333333333333333
407,1,2,1,3.0,1,1,29106,18.75,0.0,0.3333333333333333
408,0,3,1,21.0,0,0,312992,7.775,0.0,0.3333333333333333
409,0,3,0,0.0,3,1,4133,25.4667,0.0,0.3333333333333333
410,0,3,1,0.0,0,0,349222,7.8958,0.0,0.3333333333333333
411,0,3,1,0.0,0,0,394140,6.8583,0.0,1.0
412,1,1,0,33.0,1,0,19928,90.0,0.2789115646258503,1.0
413,0,2,1,0.0,0,0,239853,0.0,0.0,0.3333333333333333
414,1,3,1,44.0,0,0,0,7.925,0.0,0.3333333333333333
415,0,3,0,0.0,0,0,343095,8.05,0.0,0.3333333333333333
416,1,2,0,34.0,1,1,28220,32.5,0.0,0.3333333333333333
417,1,2,0,18.0,0,2,250652,13.0,0.0,0.3333333333333333
418,0,2,1,30.0,0,0,28228,13.0,0.0,0.3333333333333333
419,0,3,0,10.0,0,2,345773,24.15,0.0,0.3333333333333333
420,0,3,1,0.0,0,0,349254,7.8958,0.0,0.6666666666666666
421,0,3,1,21.0,0,0,0,7.7333,0.0,1.0
422,0,3,1,29.0,0,0,315082,7.875,0.0,0.3333333333333333
423,0,3,0,28.0,1,1,347080,14.4,0.0,0.3333333333333333
424,0,3,1,18.0,1,1,370129,20.2125,0.0,0.3333333333333333
425,0,3,1,0.0,0,0,0,7.25,0.0,0.3333333333333333
426,1,2,0,28.0,1,0,2003,26.0,0.0,0.3333333333333333
427,1,2,0,19.0,0,0,250655,26.0,0.0,0.3333333333333333
428,0,3,1,0.0,0,0,364851,7.75,0.0,1.0
429,1,3,1,32.0,0,0,0,8.05,0.5034013605442177,0.3333333333333333
430,1,1,1,28.0,0,0,110564,26.55,0.08163265306122448,0.3333333333333333
431,1,3,0,0.0,1,0,376564,16.1,0.0,0.3333333333333333
432,1,2,0,42.0,1,0,0,26.0,0.0,0.3333333333333333
433,0,3,1,17.0,0,0,0,7.125,0.0,0.3333333333333333
434,0,1,1,50.0,1,0,13507,55.9,0.5102040816326531,0.3333333333333333
435,1,1,0,14.0,1,2,113760,120.0,0.4965986394557823,0.3333333333333333
436,0,3,0,21.0,2,2,0,34.375,0.0,0.3333333333333333
437,1,2,0,24.0,2,3,29106,18.75,0.0,0.3333333333333333
438,0,1,1,64.0,1,4,19950,263.0,0.05442176870748299,0.3333333333333333
439,0,2,1,31.0,0,0,0,10.5,0.0,0.3333333333333333
440,1,2,0,45.0,1,1,0,26.25,0.0,0.3333333333333333
441,0,3,1,20.0,0,0,345769,9.5,0.0,0.3333333333333333
442,0,3,1,25.0,1,0,347076,7.775,0.0,0.3333333333333333
443,1,2,0,28.0,0,0,230434,13.0,0.0,0.3333333333333333
444,1,3,1,0.0,0,0,65306,8.1125,0.0,0.3333333333333333
445,1,1,1,4.0,0,2,33638,81.8583,0.5170068027210885,0.3333333333333333
446,1,2,0,13.0,0,1,250644,19.5,0.0,0.3333333333333333
447,1,1,1,34.0,0,0,113794,26.55,0.0,0.3333333333333333
448,1,3,0,5.0,2,1,2666,19.2583,0.0,0.6666666666666666
449,1,1,1,52.0,0,0,113786,30.5,0.5238095238095238,0.3333333333333333
450,0,2,1,36.0,1,2,0,27.75,0.0,0.3333333333333333
451,0,3,1,0.0,1,0,65303,19.9667,0.0,0.3333333333333333
452,0,1,1,30.0,0,0,113051,27.75,0.5306122448979592,0.6666666666666666
453,1,1,1,49.0,1,0,17453,89.1042,0.5374149659863946,0.6666666666666666
454,0,3,1,0.0,0,0,0,8.05,0.0,0.3333333333333333
455,1,3,1,29.0,0,0,349240,7.8958,0.0,0.6666666666666666
456,0,1,1,65.0,0,0,13509,26.55,0.54421768707483,0.3333333333333333
457,1,1,0,0.0,1,0,17464,51.8625,0.5510204081632653,0.3333333333333333
458,1,2,0,50.0,0,0,0,10.5,0.0,0.3333333333333333
459,0,3,1,0.0,0,0,371060,7.75,0.0,1.0
460,1,1,1,48.0,0,0,19952,26.55,0.5578231292517006,0.3333333333333333
461,0,3,1,34.0,0,0,364506,8.05,0.0,0.3333333333333333
462,0,1,1,47.0,0,0,111320,38.5,0.564625850340136,0.3333333333333333
463,0,2,1,48.0,0,0,234360,13.0,0.0,0.3333333333333333
464,0,3,1,0.0,0,0,0,8.05,0.0,0.3333333333333333
465,0,3,1,38.0,0,0,0,7.05,0.0,0.3333333333333333
466,0,2,1,0.0,0,0,239853,0.0,0.0,0.3333333333333333
467,0,1,1,56.0,0,0,113792,26.55,0.0,0.3333333333333333
468,0,3,1,0.0,0,0,36209,7.725,0.0,1.0
469,1,3,0,0.75,2,1,2666,19.2583,0.0,0.6666666666666666
470,0,3,1,0.0,0,0,323592,7.25,0.0,0.3333333333333333
471,0,3,1,38.0,0,0,315089,8.6625,0.0,0.3333333333333333
472,1,2,0,33.0,1,2,0,27.75,0.0,0.3333333333333333
473,1,2,0,23.0,0,0,0,13.7917,0.36054421768707484,0.6666666666666666
474,0,3,0,22.0,0,0,7553,9.8375,0.0,0.3333333333333333
475,0,1,1,0.0,0,0,110465,52.0,0.5714285714285714,0.3333333333333333
476,0,2,1,34.0,1,0,31027,21.0,0.0,0.3333333333333333
477,0,3,1,29.0,1,0,3460,7.0458,0.0,0.3333333333333333
478,0,3,1,22.0,0,0,350060,7.5208,0.0,0.3333333333333333
479,1,3,0,2.0,0,1,3101298,12.2875,0.0,0.3333333333333333
480,0,3,1,9.0,5,2,0,46.9,0.0,0.3333333333333333
481,0,2,1,0.0,0,0,239854,0.0,0.0,0.3333333333333333
482,0,3,1,50.0,0,0,0,8.05,0.0,0.3333333333333333
483,1,3,0,63.0,0,0,4134,9.5875,0.0,0.3333333333333333
484,1,1,1,25.0,1,0,11967,91.0792,0.35374149659863946,0.6666666666666666
485,0,3,0,0.0,3,1,4133,25.4667,0.0,0.3333333333333333
486,1,1,0,35.0,1,0,19943,90.0,0.272108843537415,0.3333333333333333
487,0,1,1,58.0,0,0,11771,29.7,0.5782312925170068,0.6666666666666666
488,0,3,1,30.0,0,0,0,8.05,0.0,0.3333333333333333
489,1,3,1,9.0,1,1,0,15.9,0.0,0.3333333333333333
490,0,3,1,0.0,1,0,65304,19.9667,0.0,0.3333333333333333
491,0,3,1,21.0,0,0,0,7.25,0.0,0.3333333333333333
492,0,1,1,55.0,0,0,113787,30.5,0.5850340136054422,0.3333333333333333
493,0,1,1,71.0,0,0,0,49.5042,0.0,0.6666666666666666
494,0,3,1,21.0,0,0,0,8.05,0.0,0.3333333333333333
495,0,3,1,0.0,0,0,2627,14.4583,0.0,0.6666666666666666
496,1,1,0,54.0,1,0,36947,78.2667,0.5918367346938775,0.6666666666666666
497,0,3,1,0.0,0,0,0,15.1,0.0,0.3333333333333333
498,0,1,0,25.0,1,2,113781,151.55,0.3673469387755102,0.3333333333333333
499,0,3,1,24.0,0,0,350035,7.7958,0.0,0.3333333333333333
500,0,3,1,17.0,0,0,315086,8.6625,0.0,0.3333333333333333
501,0,3,0,21.0,0,0,364846,7.75,0.0,1.0
502,0,3,0,0.0,0,0,330909,7.6292,0.0,1.0
503,0,3,0,37.0,0,0,4135,9.5875,0.0,0.3333333333333333
504,1,1,0,16.0,0,0,110152,86.5,0.5986394557823129,0.3333333333333333
505,0,1,1,18.0,1,0,0,108.9,0.38095238095238093,0.6666666666666666
506,1,2,0,33.0,0,2,26360,26.0,0.0,0.3333333333333333
507,1,1,1,0.0,0,0,111427,26.55,0.0,0.3333333333333333
508,0,3,1,28.0,0,0,0,22.525,0.0,0.3333333333333333
509,1,3,1,26.0,0,0,1601,56.4958,0.0,0.3333333333333333
510,1,3,1,29.0,0,0,382651,7.75,0.0,1.0
511,0,3,1,0.0,0,0,0,8.05,0.0,0.3333333333333333
512,1,1,1,36.0,0,0,0,26.2875,0.6054421768707483,0.3333333333333333
513,1,1,0,54.0,1,0,0,59.4,0.0,0.6666666666666666
514,0,3,1,24.0,0,0,349209,7.4958,0.0,0.3333333333333333
515,0,1,1,47.0,0,0,36967,34.0208,0.6122448979591837,0.3333333333333333
516,1,2,0,34.0,0,0,0,10.5,0.10204081632653061,0.3333333333333333
517,0,3,1,0.0,0,0,371110,24.15,0.0,1.0
518,1,2,0,36.0,1,0,226875,26.0,0.0,0.3333333333333333
519,0,3,1,32.0,0,0,349242,7.8958,0.0,0.3333333333333333
520,1,1,0,30.0,0,0,12749,93.5,0.6190476190476191,0.3333333333333333
521,0,3,1,22.0,0,0,349252,7.8958,0.0,0.3333333333333333
522,0,3,1,0.0,0,0,2624,7.225,0.0,0.6666666666666666
523,1,1,0,44.0,0,1,111361,57.9792,0.42857142857142855,0.6666666666666666
524,0,3,1,0.0,0,0,2700,7.2292,0.0,0.6666666666666666
525,0,3,1,40.5,0,0,367232,7.75,0.0,1.0
526,1,2,0,50.0,0,0,0,10.5,0.0,0.3333333333333333
527,0,1,1,0.0,0,0,0,221.7792,0.6258503401360545,0.3333333333333333
528,0,3,1,39.0,0,0,3101296,7.925,0.0,0.3333333333333333
529,0,2,1,23.0,2,1,29104,11.5,0.0,0.3333333333333333
530,1,2,0,2.0,1,1,26360,26.0,0.0,0.3333333333333333
531,0,3,1,0.0,0,0,2641,7.2292,0.0,0.6666666666666666
532,0,3,1,17.0,1,1,2690,7.2292,0.0,0.6666666666666666
533,1,3,0,0.0,0,2,2668,22.3583,0.0,0.6666666666666666
534,0,3,0,30.0,0,0,315084,8.6625,0.0,0.3333333333333333
535,1,2,0,7.0,0,2,0,26.25,0.0,0.3333333333333333
536,0,1,1,45.0,0,0,113050,26.55,0.6326530612244898,0.3333333333333333
537,1,1,0,30.0,0,0,0,106.425,0.0,0.6666666666666666
538,0,3,1,0.0,0,0,364498,14.5,0.0,0.3333333333333333
539,1,1,0,22.0,0,2,13568,49.5,0.6394557823129252,0.6666666666666666
540,1,1,0,36.0,0,2,0,71.0,0.6462585034013606,0.3333333333333333
541,0,3,0,9.0,4,2,347082,31.275,0.0,0.3333333333333333
542,0,3,0,11.0,4,2,347082,31.275,0.0,0.3333333333333333
543,1,2,1,32.0,1,0,2908,26.0,0.0,0.3333333333333333
544,0,1,1,50.0,1,0,0,106.425,0.6530612244897959,0.6666666666666666
545,0,1,1,64.0,0,0,693,26.0,0.0,0.3333333333333333
546,1,2,0,19.0,1,0,2908,26.0,0.0,0.3333333333333333
547,1,2,1,0.0,0,0,0,13.8625,0.0,0.6666666666666666
548,0,3,1,33.0,1,1,363291,20.525,0.0,0.3333333333333333
549,1,2,1,8.0,1,1,0,36.75,0.0,0.3333333333333333
550,1,1,1,17.0,0,2,17421,110.8833,0.6598639455782312,0.6666666666666666
551,0,2,1,27.0,0,0,244358,26.0,0.0,0.3333333333333333
552,0,3,1,0.0,0,0,330979,7.8292,0.0,1.0
553,1,3,1,22.0,0,0,2620,7.225,0.0,0.6666666666666666
554,1,3,0,22.0,0,0,347085,7.775,0.0,0.3333333333333333
555,0,1,1,62.0,0,0,113807,26.55,0.0,0.3333333333333333
556,1,1,0,48.0,1,0,11755,39.6,0.6666666666666666,0.6666666666666666
557,0,1,1,0.0,0,0,0,227.525,0.0,0.6666666666666666
558,1,1,0,39.0,1,1,110413,79.65,0.30612244897959184,0.3333333333333333
559,1,3,0,36.0,1,0,345572,17.4,0.0,0.3333333333333333
560,0,3,1,0.0,0,0,372622,7.75,0.0,1.0
561,0,3,1,40.0,0,0,349251,7.8958,0.0,0.3333333333333333
562,0,2,1,28.0,0,0,218629,13.5,0.0,0.3333333333333333
563,0,3,1,0.0,0,0,0,8.05,0.0,0.3333333333333333
564,0,3,0,0.0,0,0,0,8.05,0.0,0.3333333333333333
565,0,3,1,24.0,2,0,0,24.15,0.0,0.3333333333333333
566,0,3,1,19.0,0,0,349205,7.8958,0.0,0.3333333333333333
567,0,3,0,29.0,0,4,349909,21.075,0.0,0.3333333333333333
568,0,3,1,0.0,0,0,2686,7.2292,0.0,0.6666666666666666
569,1,3,1,32.0,0,0,350417,7.8542,0.0,0.3333333333333333
570,1,2,1,62.0,0,0,0,10.5,0.0,0.3333333333333333
571,1,1,0,53.0,2,0,11769,51.4792,0.673469387755102,0.3333333333333333
572,1,1,1,36.0,0,0,0,26.3875,0.6054421768707483,0.3333333333333333
573,1,3,0,0.0,0,0,14312,7.75,0.0,1.0
574,0,3,1,16.0,0,0,0,8.05,0.0,0.3333333333333333
575,0,3,1,19.0,0,0,358585,14.5,0.0,0.3333333333333333
576,1,2,0,34.0,0,0,243880,13.0,0.0,0.3333333333333333
577,1,1,0,39.0,1,0,13507,55.9,0.5102040816326531,0.3333333333333333
578,0,3,0,0.0,1,0,2689,14.4583,0.0,0.6666666666666666
579,1,3,1,32.0,0,0,0,7.925,0.0,0.3333333333333333
580,1,2,0,25.0,1,1,237789,30.0,0.0,0.3333333333333333
581,1,1,0,39.0,1,1,17421,110.8833,0.6802721088435374,0.6666666666666666
582,0,2,1,54.0,0,0,28403,26.0,0.0,0.3333333333333333
583,0,1,1,36.0,0,0,13049,40.125,0.6870748299319728,0.6666666666666666
584,0,3,1,0.0,0,0,3411,8.7125,0.0,0.6666666666666666
585,1,1,0,18.0,0,2,110413,79.65,0.6938775510204082,0.3333333333333333
586,0,2,1,47.0,0,0,237565,15.0,0.0,0.3333333333333333
587,1,1,1,60.0,1,1,13567,79.2,0.7006802721088435,0.6666666666666666
588,0,3,1,22.0,0,0,14973,8.05,0.0,0.3333333333333333
589,0,3,1,0.0,0,0,0,8.05,0.0,0.3333333333333333
590,0,3,1,35.0,0,0,0,7.125,0.0,0.3333333333333333
591,1,1,0,52.0,1,0,36947,78.2667,0.5918367346938775,0.6666666666666666
592,0,3,1,47.0,0,0,0,7.25,0.0,0.3333333333333333
593,0,3,0,0.0,0,2,364848,7.75,0.0,1.0
594,0,2,1,37.0,1,0,0,26.0,0.0,0.3333333333333333
595,0,3,1,36.0,1,1,345773,24.15,0.0,0.3333333333333333
596,1,2,0,0.0,0,0,248727,33.0,0.0,0.3333333333333333
597,0,3,1,49.0,0,0,0,0.0,0.0,0.3333333333333333
598,0,3,1,0.0,0,0,2664,7.225,0.0,0.6666666666666666
599,1,1,1,49.0,1,0,0,56.9292,0.7074829931972789,0.6666666666666666
600,1,2,0,24.0,2,1,243847,27.0,0.0,0.3333333333333333
601,0,3,1,0.0,0,0,349214,7.8958,0.0,0.3333333333333333
602,0,1,1,0.0,0,0,113796,42.4,0.0,0.3333333333333333
603,0,3,1,44.0,0,0,364511,8.05,0.0,0.3333333333333333
604,1,1,1,35.0,0,0,111426,26.55,0.0,0.6666666666666666
605,0,3,1,36.0,1,0,349910,15.55,0.0,0.3333333333333333
606,0,3,1,30.0,0,0,349246,7.8958,0.0,0.3333333333333333
607,1,1,1,27.0,0,0,113804,30.5,0.0,0.3333333333333333
608,1,2,0,22.0,1,2,0,41.5792,0.0,0.6666666666666666
609,1,1,0,40.0,0,0,0,153.4625,0.3197278911564626,0.3333333333333333
610,0,3,0,39.0,1,5,347082,31.275,0.0,0.3333333333333333
611,0,3,1,0.0,0,0,0,7.05,0.0,0.3333333333333333
612,1,3,0,0.0,1,0,367230,15.5,0.0,1.0
613,0,3,1,0.0,0,0,370377,7.75,0.0,1.0
614,0,3,1,35.0,0,0,364512,8.05,0.0,0.3333333333333333
615,1,2,0,24.0,1,2,220845,65.0,0.0,0.3333333333333333
616,0,3,1,34.0,1,1,347080,14.4,0.0,0.3333333333333333
617,0,3,0,26.0,1,0,0,16.1,0.0,0.3333333333333333
618,1,2,0,4.0,2,1,230136,39.0,0.22448979591836735,0.3333333333333333
619,0,2,1,26.0,0,0,31028,10.5,0.0,0.3333333333333333
620,0,3,1,27.0,1,0,2659,14.4542,0.0,0.6666666666666666
621,1,1,1,42.0,1,0,11753,52.5542,0.7142857142857143,0.3333333333333333
622,1,3,1,20.0,1,1,2653,15.7417,0.0,0.6666666666666666
623,0,3,1,21.0,0,0,350029,7.8542,0.0,0.3333333333333333
624,0,3,1,21.0,0,0,54636,16.1,0.0,0.3333333333333333
625,0,1,1,61.0,0,0,36963,32.3208,0.7210884353741497,0.3333333333333333
626,0,2,1,57.0,0,0,219533,12.35,0.0,1.0
627,1,1,0,21.0,0,0,13502,77.9583,0.7278911564625851,0.3333333333333333
628,0,3,1,26.0,0,0,349224,7.8958,0.0,0.3333333333333333
629,0,3,1,0.0,0,0,334912,7.7333,0.0,1.0
630,1,1,1,80.0,0,0,27042,30.0,0.7346938775510204,0.3333333333333333
631,0,3,1,51.0,0,0,347743,7.0542,0.0,0.3333333333333333
632,1,1,1,32.0,0,0,13214,30.5,0.7414965986394558,0.6666666666666666
633,0,1,1,0.0,0,0,112052,0.0,0.0,0.3333333333333333
634,0,3,0,9.0,3,2,347088,27.9,0.0,0.3333333333333333
635,1,2,0,28.0,0,0,237668,13.0,0.0,0.3333333333333333
636,0,3,1,32.0,0,0,0,7.925,0.0,0.3333333333333333
637,0,2,1,31.0,1,1,0,26.25,0.0,0.3333333333333333
638,0,3,0,41.0,0,5,3101295,39.6875,0.0,0.3333333333333333
639,0,3,1,0.0,1,0,376564,16.1,0.0,0.3333333333333333
640,0,3,1,20.0,0,0,350050,7.8542,0.0,0.3333333333333333
641,1,1,0,24.0,0,0,0,69.3,0.47619047619047616,0.6666666666666666
642,0,3,0,2.0,3,2,347088,27.9,0.0,0.3333333333333333
643,1,3,1,0.0,0,0,1601,56.4958,0.0,0.3333333333333333
644,1,3,0,0.75,2,1,2666,19.2583,0.0,0.6666666666666666
645,1,1,1,48.0,1,0,0,76.7292,0.06802721088435375,0.6666666666666666
646,0,3,1,19.0,0,0,349231,7.8958,0.0,0.3333333333333333
647,1,1,1,56.0,0,0,13213,35.5,0.7482993197278912,0.6666666666666666
648,0,3,1,0.0,0,0,0,7.55,0.0,0.3333333333333333
649,1,3,0,23.0,0,0,0,7.55,0.0,0.3333333333333333
650,0,3,1,0.0,0,0,349221,7.8958,0.0,0.3333333333333333
651,1,2,0,18.0,0,1,231919,23.0,0.0,0.3333333333333333
652,0,3,1,21.0,0,0,8475,8.4333,0.0,0.3333333333333333
653,1,3,0,0.0,0,0,330919,7.8292,0.0,1.0
654,0,3,0,18.0,0,0,365226,6.75,0.0,1.0
655,0,2,1,24.0,2,0,0,73.5,0.0,0.3333333333333333
656,0,3,1,0.0,0,0,349223,7.8958,0.0,0.3333333333333333
657,0,3,0,32.0,1,1,364849,15.5,0.0,1.0
658,0,2,1,23.0,0,0,29751,13.0,0.0,0.3333333333333333
659,0,1,1,58.0,0,2,35273,113.275,0.7551020408163265,0.6666666666666666
660,1,1,1,50.0,2,0,0,133.65,0.0,0.3333333333333333
661,0,3,1,40.0,0,0,2623,7.225,0.0,0.6666666666666666
662,0,1,1,47.0,0,0,5727,25.5875,0.7619047619047619,0.3333333333333333
663,0,3,1,36.0,0,0,349210,7.4958,0.0,0.3333333333333333
664,1,3,1,20.0,1,0,0,7.925,0.0,0.3333333333333333
665,0,2,1,32.0,2,0,0,73.5,0.0,0.3333333333333333
666,0,2,1,25.0,0,0,234686,13.0,0.0,0.3333333333333333
667,0,3,1,0.0,0,0,312993,7.775,0.0,0.3333333333333333
668,0,3,1,43.0,0,0,0,8.05,0.0,0.3333333333333333
669,1,1,0,0.0,1,0,19996,52.0,0.7687074829931972,0.3333333333333333
670,1,2,0,40.0,1,1,29750,39.0,0.0,0.3333333333333333
671,0,1,1,31.0,1,0,0,52.0,0.7755102040816326,0.3333333333333333
672,0,2,1,70.0,0,0,0,10.5,0.0,0.3333333333333333
673,1,2,1,31.0,0,0,244270,13.0,0.0,0.3333333333333333
674,0,2,1,0.0,0,0,239856,0.0,0.0,0.3333333333333333
675,0,3,1,18.0,0,0,349912,7.775,0.0,0.3333333333333333
676,0,3,1,24.5,0,0,342826,8.05,0.0,0.3333333333333333
677,1,3,0,18.0,0,0,4138,9.8417,0.0,0.3333333333333333
678,0,3,0,43.0,1,6,0,46.9,0.0,0.3333333333333333
679,1,1,1,36.0,0,1,0,512.3292,0.782312925170068,0.6666666666666666
680,0,3,0,0.0,0,0,330935,8.1375,0.0,1.0
681,1,1,1,27.0,0,0,0,76.7292,0.7891156462585034,0.6666666666666666
682,0,3,1,20.0,0,0,6563,9.225,0.0,0.3333333333333333
683,0,3,1,14.0,5,2,0,46.9,0.0,0.3333333333333333
684,0,2,1,60.0,1,1,29750,39.0,0.0,0.3333333333333333
685,0,2,1,25.0,1,2,0,41.5792,0.0,0.6666666666666666
686,0,3,1,14.0,4,1,3101295,39.6875,0.0,0.3333333333333333
687,0,3,1,19.0,0,0,349228,10.1708,0.0,0.3333333333333333
688,0,3,1,18.0,0,0,350036,7.7958,0.0,0.3333333333333333
689,1,1,0,15.0,0,1,24160,211.3375,0.7959183673469388,0.3333333333333333
690,1,1,1,31.0,1,0,17474,57.0,0.8027210884353742,0.3333333333333333
691,1,3,0,4.0,0,1,349256,13.4167,0.0,0.6666666666666666
692,1,3,1,0.0,0,0,1601,56.4958,0.0,0.3333333333333333
693,0,3,1,25.0,0,0,2672,7.225,0.0,0.6666666666666666
694,0,1,1,60.0,0,0,113800,26.55,0.0,0.3333333333333333
695,0,2,1,52.0,0,0,248731,13.5,0.0,0.3333333333333333
696,0,3,1,44.0,0,0,363592,8.05,0.0,0.3333333333333333
697,1,3,0,0.0,0,0,35852,7.7333,0.0,1.0
698,0,1,1,49.0,1,1,17421,110.8833,0.6802721088435374,0.6666666666666666
699,0,3,1,42.0,0,0,348121,7.65,0.8095238095238095,0.3333333333333333
700,1,1,0,18.0,1,0,0,227.525,0.8163265306122449,0.6666666666666666
701,1,1,1,35.0,0,0,0,26.2875,0.8231292517006803,0.3333333333333333
702,0,3,0,18.0,0,1,2691,14.4542,0.0,0.6666666666666666
703,0,3,1,25.0,0,0,36864,7.7417,0.0,1.0
704,0,3,1,26.0,1,0,350025,7.8542,0.0,0.3333333333333333
705,0,2,1,39.0,0,0,250655,26.0,0.0,0.3333333333333333
706,1,2,0,45.0,0,0,223596,13.5,0.0,0.3333333333333333
707,1,1,1,42.0,0,0,0,26.2875,0.8231292517006803,0.3333333333333333
708,1,1,0,22.0,0,0,113781,151.55,0.0,0.3333333333333333
709,1,3,1,0.0,1,1,2661,15.2458,0.0,0.6666666666666666
710,1,1,0,24.0,0,0,0,49.5042,0.8299319727891157,0.6666666666666666
711,0,1,1,0.0,0,0,113028,26.55,0.43537414965986393,0.3333333333333333
712,1,1,1,48.0,1,0,19996,52.0,0.7687074829931972,0.3333333333333333
713,0,3,1,29.0,0,0,7545,9.4833,0.0,0.3333333333333333
714,0,2,1,52.0,0,0,250647,13.0,0.0,0.3333333333333333
715,0,3,1,19.0,0,0,348124,7.65,0.10884353741496598,0.3333333333333333
716,1,1,0,38.0,0,0,0,227.525,0.8367346938775511,0.6666666666666666
717,1,2,0,27.0,0,0,34218,10.5,0.1564625850340136,0.3333333333333333
718,0,3,1,0.0,0,0,36568,15.5,0.0,1.0
719,0,3,1,33.0,0,0,347062,7.775,0.0,0.3333333333333333
720,1,2,0,6.0,0,1,248727,33.0,0.0,0.3333333333333333
721,0,3,1,17.0,1,0,350048,7.0542,0.0,0.3333333333333333
722,0,2,1,34.0,0,0,12233,13.0,0.0,0.3333333333333333
723,0,2,1,50.0,0,0,250643,13.0,0.0,0.3333333333333333
724,1,1,1,27.0,1,0,113806,53.1,0.8435374149659864,0.3333333333333333
725,0,3,1,20.0,0,0,315094,8.6625,0.0,0.3333333333333333
726,1,2,0,30.0,3,0,31027,21.0,0.0,0.3333333333333333
727,1,3,0,0.0,0,0,36866,7.7375,0.0,1.0
728,0,2,1,25.0,1,0,236853,26.0,0.0,0.3333333333333333
729,0,3,0,25.0,1,0,0,7.925,0.0,0.3333333333333333
730,1,1,0,29.0,0,0,24160,211.3375,0.7959183673469388,0.3333333333333333
731,0,3,1,11.0,0,0,2699,18.7875,0.0,0.6666666666666666
732,0,2,1,0.0,0,0,239855,0.0,0.0,0.3333333333333333
733,0,2,1,23.0,0,0,28425,13.0,0.0,0.3333333333333333
734,0,2,1,23.0,0,0,233639,13.0,0.0,0.3333333333333333
735,0,3,1,28.5,0,0,54636,16.1,0.0,0.3333333333333333
736,0,3,0,48.0,1,3,0,34.375,0.0,0.3333333333333333
737,1,1,1,35.0,0,0,0,512.3292,0.8503401360544217,0.6666666666666666
738,0,3,1,0.0,0,0,349201,7.8958,0.0,0.3333333333333333
739,0,3,1,0.0,0,0,349218,7.8958,0.0,0.3333333333333333
740,1,1,1,0.0,0,0,16988,30.0,0.8571428571428571,0.3333333333333333
741,0,1,1,36.0,1,0,19877,78.85,0.8639455782312925,0.3333333333333333
742,1,1,0,21.0,2,2,0,262.375,0.4013605442176871,0.6666666666666666
743,0,3,1,24.0,1,0,376566,16.1,0.0,0.3333333333333333
744,1,3,1,31.0,0,0,0,7.925,0.0,0.3333333333333333
745,0,1,1,70.0,1,1,0,71.0,0.6462585034013606,0.3333333333333333
746,0,3,1,16.0,1,1,0,20.25,0.0,0.3333333333333333
747,1,2,0,30.0,0,0,250648,13.0,0.0,0.3333333333333333
748,0,1,1,19.0,1,0,113773,53.1,0.8707482993197279,0.3333333333333333
749,0,3,1,31.0,0,0,335097,7.75,0.0,1.0
750,1,2,0,4.0,1,1,29103,23.0,0.0,0.3333333333333333
751,1,3,1,6.0,0,1,392096,12.475,0.8775510204081632,0.3333333333333333
752,0,3,1,33.0,0,0,345780,9.5,0.0,0.3333333333333333
753,0,3,1,23.0,0,0,349204,7.8958,0.0,0.3333333333333333
754,1,2,0,48.0,1,2,220845,65.0,0.0,0.3333333333333333
755,1,2,1,0.67,1,1,250649,14.5,0.0,0.3333333333333333
756,0,3,1,28.0,0,0,350042,7.7958,0.0,0.3333333333333333
757,0,2,1,18.0,0,0,29108,11.5,0.0,0.3333333333333333
758,0,3,1,34.0,0,0,363294,8.05,0.0,0.3333333333333333
759,1,1,0,33.0,0,0,110152,86.5,0.29931972789115646,0.3333333333333333
760,0,3,1,0.0,0,0,358585,14.5,0.0,0.3333333333333333
761,0,3,1,41.0,0,0,0,7.125,0.0,0.3333333333333333
762,1,3,1,20.0,0,0,2663,7.2292,0.0,0.6666666666666666
763,1,1,0,36.0,1,2,113760,120.0,0.4965986394557823,0.3333333333333333
764,0,3,1,16.0,0,0,347074,7.775,0.0,0.3333333333333333
765,1,1,0,51.0,1,0,13502,77.9583,0.8843537414965986,0.3333333333333333
766,0,1,1,0.0,0,0,112379,39.6,0.0,0.6666666666666666
767,0,3,0,30.5,0,0,364850,7.75,0.0,1.0
768,0,3,1,0.0,1,0,371110,24.15,0.0,1.0
769,0,3,1,32.0,0,0,8471,8.3625,0.0,0.3333333333333333
770,0,3,1,24.0,0,0,345781,9.5,0.0,0.3333333333333333
771,0,3,1,48.0,0,0,350047,7.8542,0.0,0.3333333333333333
772,0,2,0,57.0,0,0,0,10.5,0.891156462585034,0.3333333333333333
773,0,3,1,0.0,0,0,2674,7.225,0.0,0.6666666666666666
774,1,2,0,54.0,1,3,29105,23.0,0.0,0.3333333333333333
775,0,3,1,18.0,0,0,347078,7.75,0.0,0.3333333333333333
776,0,3,1,0.0,0,0,383121,7.75,0.8979591836734694,1.0
777,1,3,0,5.0,0,0,364516,12.475,0.0,0.3333333333333333
778,0,3,1,0.0,0,0,36865,7.7375,0.0,1.0
779,1,1,0,43.0,0,1,24160,211.3375,0.9047619047619048,0.3333333333333333
780,1,3,0,13.0,0,0,2687,7.2292,0.0,0.6666666666666666
781,1,1,0,17.0,1,0,17474,57.0,0.8027210884353742,0.3333333333333333
782,0,1,1,29.0,0,0,113501,30.0,0.9115646258503401,0.3333333333333333
783,0,3,1,0.0,1,2,0,23.45,0.0,0.3333333333333333
784,0,3,1,25.0,0,0,0,7.05,0.0,0.3333333333333333
785,0,3,1,25.0,0,0,374887,7.25,0.0,0.3333333333333333
786,1,3,0,18.0,0,0,3101265,7.4958,0.0,0.3333333333333333
787,0,3,1,8.0,4,1,382652,29.125,0.0,1.0
788,1,3,1,1.0,1,2,0,20.575,0.0,0.3333333333333333
789,0,1,1,46.0,0,0,0,79.2,0.9183673469387755,0.6666666666666666
790,0,3,1,0.0,0,0,12460,7.75,0.0,1.0
791,0,2,1,16.0,0,0,239865,26.0,0.0,0.3333333333333333
792,0,3,0,0.0,8,2,0,69.55,0.0,0.3333333333333333
793,0,1,1,0.0,0,0,0,30.6958,0.0,0.6666666666666666
794,0,3,1,25.0,0,0,349203,7.8958,0.0,0.3333333333333333
795,0,2,1,39.0,0,0,28213,13.0,0.0,0.3333333333333333
796,1,1,0,49.0,0,0,17465,25.9292,0.9251700680272109,0.3333333333333333
797,1,3,0,31.0,0,0,349244,8.6833,0.0,0.3333333333333333
798,0,3,1,30.0,0,0,2685,7.2292,0.0,0.6666666666666666
799,0,3,0,30.0,1,1,345773,24.15,0.0,0.3333333333333333
800,0,2,1,34.0,0,0,250647,13.0,0.0,0.3333333333333333
801,1,2,0,31.0,1,1,0,26.25,0.0,0.3333333333333333
802,1,1,1,11.0,1,2,113760,120.0,0.4965986394557823,0.3333333333333333
803,1,3,1,0.42,0,1,2625,8.5167,0.0,0.6666666666666666
804,1,3,1,27.0,0,0,347089,6.975,0.0,0.3333333333333333
805,0,3,1,31.0,0,0,347063,7.775,0.0,0.3333333333333333
806,0,1,1,39.0,0,0,112050,0.0,0.9319727891156463,0.3333333333333333
807,0,3,0,18.0,0,0,347087,7.775,0.0,0.3333333333333333
808,0,2,1,39.0,0,0,248723,13.0,0.0,0.3333333333333333
809,1,1,0,33.0,1,0,113806,53.1,0.8435374149659864,0.3333333333333333
810,0,3,1,26.0,0,0,3474,7.8875,0.0,0.3333333333333333
811,0,3,1,39.0,0,0,0,24.15,0.0,0.3333333333333333
812,0,2,1,35.0,0,0,28206,10.5,0.0,0.3333333333333333
813,0,3,0,6.0,4,2,347082,31.275,0.0,0.3333333333333333
814,0,3,1,30.5,0,0,364499,8.05,0.0,0.3333333333333333
815,0,1,1,0.0,0,0,112058,0.0,0.9387755102040817,0.3333333333333333
816,0,3,0,23.0,0,0,0,7.925,0.0,0.3333333333333333
817,0,2,1,31.0,1,1,0,37.0042,0.0,0.6666666666666666
818,0,3,1,43.0,0,0,0,6.45,0.0,0.3333333333333333
819,0,3,1,10.0,3,2,347088,27.9,0.0,0.3333333333333333
820,1,1,0,52.0,1,1,12749,93.5,0.9455782312925171,0.3333333333333333
821,1,3,1,27.0,0,0,315098,8.6625,0.0,0.3333333333333333
822,0,1,1,38.0,0,0,19972,0.0,0.0,0.3333333333333333
823,1,3,0,27.0,0,1,392096,12.475,0.8775510204081632,0.3333333333333333
824,0,3,1,2.0,4,1,3101295,39.6875,0.0,0.3333333333333333
825,0,3,1,0.0,0,0,368323,6.95,0.0,1.0
826,0,3,1,0.0,0,0,1601,56.4958,0.0,0.3333333333333333
827,1,2,1,1.0,0,2,0,37.0042,0.0,0.6666666666666666
828,1,3,1,0.0,0,0,367228,7.75,0.0,1.0
829,1,1,0,62.0,0,0,113572,80.0,0.08843537414965986,0.0
830,1,3,0,15.0,1,0,2659,14.4542,0.0,0.6666666666666666
831,1,2,1,0.83,1,1,29106,18.75,0.0,0.3333333333333333
832,0,3,1,0.0,0,0,2671,7.2292,0.0,0.6666666666666666
833,0,3,1,23.0,0,0,347468,7.8542,0.0,0.3333333333333333
834,0,3,1,18.0,0,0,2223,8.3,0.0,0.3333333333333333
835,1,1,0,39.0,1,1,0,83.1583,0.9523809523809523,0.6666666666666666
836,0,3,1,21.0,0,0,315097,8.6625,0.0,0.3333333333333333
837,0,3,1,0.0,0,0,392092,8.05,0.0,0.3333333333333333
838,1,3,1,32.0,0,0,1601,56.4958,0.0,0.3333333333333333
839,1,1,1,0.0,0,0,11774,29.7,0.9591836734693877,0.6666666666666666
840,0,3,1,20.0,0,0,0,7.925,0.0,0.3333333333333333
841,0,2,1,16.0,0,0,0,10.5,0.0,0.3333333333333333
842,1,1,0,30.0,0,0,113798,31.0,0.0,0.6666666666666666
843,0,3,1,34.5,0,0,2683,6.4375,0.0,0.6666666666666666
844,0,3,1,17.0,0,0,315090,8.6625,0.0,0.3333333333333333
845,0,3,1,42.0,0,0,0,7.55,0.0,0.3333333333333333
846,0,3,1,0.0,8,2,0,69.55,0.0,0.3333333333333333
847,0,3,1,35.0,0,0,349213,7.8958,0.0,0.6666666666666666
848,0,2,1,28.0,0,1,248727,33.0,0.0,0.3333333333333333
849,1,1,0,0.0,1,0,17453,89.1042,0.5374149659863946,0.6666666666666666
850,0,3,1,4.0,4,2,347082,31.275,0.0,0.3333333333333333
851,0,3,1,74.0,0,0,347060,7.775,0.0,0.3333333333333333
852,0,3,0,9.0,1,1,2678,15.2458,0.0,0.6666666666666666
853,1,1,0,16.0,0,1,0,39.4,0.9659863945578231,0.3333333333333333
854,0,2,0,44.0,1,0,244252,26.0,0.0,0.3333333333333333
855,1,3,0,18.0,0,1,392091,9.35,0.0,0.3333333333333333
856,1,1,0,45.0,1,1,36928,164.8667,0.0,0.3333333333333333
857,1,1,1,51.0,0,0,113055,26.55,0.9727891156462585,0.3333333333333333
858,1,3,0,24.0,0,3,2666,19.2583,0.0,0.6666666666666666
859,0,3,1,0.0,0,0,2629,7.2292,0.0,0.6666666666666666
860,0,3,1,41.0,2,0,350026,14.1083,0.0,0.3333333333333333
861,0,2,1,21.0,1,0,28134,11.5,0.0,0.3333333333333333
862,1,1,0,48.0,0,0,17466,25.9292,0.9251700680272109,0.3333333333333333
863,0,3,0,0.0,8,2,0,69.55,0.0,0.3333333333333333
864,0,2,1,24.0,0,0,233866,13.0,0.0,0.3333333333333333
865,1,2,0,42.0,0,0,236852,13.0,0.0,0.3333333333333333
866,1,2,0,27.0,1,0,0,13.8583,0.0,0.6666666666666666
867,0,1,1,31.0,0,0,0,50.4958,0.9795918367346939,0.3333333333333333
868,0,3,1,0.0,0,0,345777,9.5,0.0,0.3333333333333333
869,1,3,1,4.0,1,1,347742,11.1333,0.0,0.3333333333333333
870,0,3,1,26.0,0,0,349248,7.8958,0.0,0.3333333333333333
871,1,1,0,47.0,1,1,11751,52.5542,0.2857142857142857,0.3333333333333333
872,0,1,1,33.0,0,0,695,5.0,0.782312925170068,0.3333333333333333
873,0,3,1,47.0,0,0,345765,9.0,0.0,0.3333333333333333
874,1,2,0,28.0,1,0,0,24.0,0.0,0.6666666666666666
875,1,3,0,15.0,0,0,2667,7.225,0.0,0.6666666666666666
876,0,3,1,20.0,0,0,7534,9.8458,0.0,0.3333333333333333
877,0,3,1,19.0,0,0,349212,7.8958,0.0,0.3333333333333333
878,0,3,1,0.0,0,0,349217,7.8958,0.0,0.3333333333333333
879,1,1,0,56.0,0,1,11767,83.1583,0.9863945578231292,0.6666666666666666
880,1,2,0,25.0,0,1,230433,26.0,0.0,0.3333333333333333
881,0,3,1,33.0,0,0,349257,7.8958,0.0,0.3333333333333333
882,0,3,0,22.0,0,0,7552,10.5167,0.0,0.3333333333333333
883,0,2,1,28.0,0,0,0,10.5,0.0,0.3333333333333333
884,0,3,1,25.0,0,0,0,7.05,0.0,0.3333333333333333
885,0,3,0,39.0,0,5,382652,29.125,0.0,1.0
886,0,2,1,27.0,0,0,211536,13.0,0.0,0.3333333333333333
887,1,1,0,19.0,0,0,112053,30.0,0.9931972789115646,0.3333333333333333
888,0,3,0,0.0,1,2,0,23.45,0.0,0.3333333333333333
889,1,1,1,26.0,0,0,111369,30.0,1.0,0.6666666666666666
890,0,3,1,32.0,0,0,370376,7.75,0.0,1.0
